Series Name,Series Code,Country Name,Country Code,2000 [YR2000],2001 [YR2001],2002 [YR2002],2003 [YR2003],2004 [YR2004],2005 [YR2005],2006 [YR2006],2007 [YR2007],2008 [YR2008],2009 [YR2009],2010 [YR2010],2011 [YR2011],2012 [YR2012],2013 [YR2013],2014 [YR2014],2015 [YR2015],2016 [YR2016],2017 [YR2017],2018 [YR2018],2019 [YR2019],2020 [YR2020]
Labor force, total,SL.TLF.TOTL.IN,Afghanistan,AFG,5071018,5293408,5573458,5886907,6198355,6483460,6644359,6770366,6887819,7028236,7214373,7522643,7890946,8307845,8741746,9175691,9567304,9948739,10319282,10701549,10657679
Labor force, total,SL.TLF.TOTL.IN,Albania,ALB,1343716,1319777,1313099,1300292,1286492,1271829,1260202,1247416,1234242,1226421,1225905,1371813,1314035,1232509,1243921,1302893,1328845,1344945,1400072,1422089,1408795
Labor force, total,SL.TLF.TOTL.IN,Algeria,DZA,8879547,9106753,9327491,9544295,9764165,9985163,10196156,10401602,10600180,10801298,11074293,11295173,11532685,12003272,11584916,11878706,12178730,12464049,12589369,12716547,12231856
Labor force, total,SL.TLF.TOTL.IN,American Samoa,ASM,..,..,..,..,..,..,..,..,..,..,..,..,..,..,..,..,..,..,..,..,..
Labor force, total,SL.TLF.TOTL.IN,Andorra,AND,..,..,..,..,..,..,..,..,..,..,..,..,..,..,..,..,..,..,..,..,..
Labor force, total,SL.TLF.TOTL.IN,Angola,AGO,6712511,6936309,7167726,7418810,7682024,7959563,8244252,8546325,8866362,9209591,9560071,9909985,10270963,10647310,11035038,11438809,11848868,12269158,12705650,13155274,13292780
Labor force, total,SL.TLF.TOTL.IN,Antigua and Barbuda,ATG,..,..,..,..,..,..,..,..,..,..,..,..,..,..,..,..,..,..,..,..,..
Labor force, total,SL.TLF.TOTL.IN,Argentina,ARG,16313897,16513812,16594407,16979409,17375102,17521278,17832502,17855169,17879075,18227891,18221948,18556926,18771887,18931350,19008308,19361189,19696125,20034606,20551682,20877041,19180360
Labor force, total,SL.TLF.TOTL.IN,Armenia,ARM,1206967,1208857,1209974,1210962,1213377,1218020,1220593,1225416,1223865,1246646,1304217,1335949,1345566,1354996,1342620,1329444,1304793,1298429,1245626,1240430,1175581
Labor force, total,SL.TLF.TOTL.IN,Aruba,ABW,..,..,..,..,..,..,..,..,..,..,..,..,..,..,..,..,..,..,..,..,..
Labor force, total,SL.TLF.TOTL.IN,Australia,AUS,9602702,9790082,9947265,10126698,10247722,10557897,10803049,10973609,11267088,11504024,11702117,11870765,12032034,12207656,12351106,12585539,12742051,12988277,13253656,13500080,13434177
Labor force, total,SL.TLF.TOTL.IN,Austria,AUT,3898783,3886722,3973195,3992074,3891161,4017551,4074735,4162536,4209811,4256958,4276701,4305238,4352268,4393922,4412726,4460833,4537417,4566592,4601213,4622075,4569336
Labor force, total,SL.TLF.TOTL.IN,Azerbaijan,AZE,4274824,4256140,4237050,4221419,4206541,4234446,4237901,4280870,4346613,4447271,4510642,4554332,4627324,4702401,4791071,4876104,4969576,5033710,5091128,5103475,4883106
"Labor force, total,SL.TLF.TOTL.IN,""Bahamas, The"",BHS,157815,161449,165030,168461,171840,175321,179687,183848,187765,191565,195393,199127,203137,207177,211216,215088,219167,222770,226110,229477,220959"
Labor force, total,SL.TLF.TOTL.IN,Bahrain,BHR,305458,325873,349789,378707,413261,453367,501699,556595,614166,668266,714127,726937,739595,747277,758317,777884,817934,869477,927124,981666,1009696
Labor force, total,SL.TLF.TOTL.IN,Bangladesh,BGD,46396327,47594676,48822075,50053928,51262019,52426890,53403755,54334217,55251878,56177973,57130924,58198712,59279630,60366480,61482433,62591424,63702950,67456048,68835576,70160176,67225427
Labor force, total,SL.TLF.TOTL.IN,Barbados,BRB,145090,146303,147364,148314,150518,151215,151717,152208,152578,152773,152546,153286,151738,154227,150322,152370,154881,155141,155331,155470,147344
Labor force, total,SL.TLF.TOTL.IN,Belarus,BLR,4804502,4840892,4874545,4906782,4936618,4964064,4980941,5006568,5035730,5065774,5090057,5097872,5103359,5106707,5106718,5106271,5106110,5097254,5087556,5005260,4941665
Labor force, total,SL.TLF.TOTL.IN,Belgium,BEL,4411179,4307487,4350326,4381417,4465024,4615968,4634578,4722508,4766246,4788011,4887584,4866906,4902501,4957130,4983423,5001378,5005317,5037594,5089752,5143310,5100371
Labor force, total,SL.TLF.TOTL.IN,Belize,BLZ,89516,93648,97770,101940,106267,110817,114809,118885,123027,127218,131448,136109,140785,145527,151512,156865,164049,168353,173734,178992,173007
Labor force, total,SL.TLF.TOTL.IN,Benin,BEN,2720344,2800062,2884087,2983550,3084716,3186578,3280108,3374164,3469971,3568060,3670266,3771850,3887508,4007399,4132581,4265254,4398454,4536728,4679156,4826125,4925193
Labor force, total,SL.TLF.TOTL.IN,Bermuda,BMU,..,..,..,..,..,..,..,..,..,..,..,..,..,..,..,..,..,..,..,..,..
Labor force, total,SL.TLF.TOTL.IN,Bhutan,BTN,248859,257934,267635,277667,287730,297589,304867,311704,318302,325027,322202,320374,315286,325213,323966,348554,357655,366411,374904,383196,378682
Labor force, total,SL.TLF.TOTL.IN,Bolivia,BOL,3710275,3817135,3926973,4039626,4154409,4271923,4389694,4420347,4541908,4641196,4740332,4836945,4744735,4875374,5124797,4925696,5079092,5292226,5631099,5758759,5430790
Labor force, total,SL.TLF.TOTL.IN,Bosnia and Herzegovina,BIH,1388671,1385363,1383872,1386537,1385362,1372767,1370139,1396443,1422431,1419348,1434403,1409640,1404455,1377997,1387330,1364102,1347154,1329017,1319663,1336173,1297874
Labor force, total,SL.TLF.TOTL.IN,Botswana,BWA,588731,608483,627325,645677,664430,684069,704213,735344,766682,796889,776252,843186,900419,950654,962481,978448,998937,1023272,1049426,1076490,1086647
Labor force, total,SL.TLF.TOTL.IN,Brazil,BRA,78497704,80429456,82988105,84689865,87252299,89731927,90815967,91962422,93487963,95330510,95237859,95060186,97603868,98900702,99937529,101600929,102513776,104268846,105542232,107461086,99843099
Labor force, total,SL.TLF.TOTL.IN,British Virgin Islands,VGB,..,..,..,..,..,..,..,..,..,..,..,..,..,..,..,..,..,..,..,..,..
Labor force, total,SL.TLF.TOTL.IN,Brunei Darussalam,BRN,157098,161017,164727,168676,172751,176834,179341,181974,184792,187884,191157,194892,198246,201357,204375,207465,209840,212574,219839,217000,216689
Labor force, total,SL.TLF.TOTL.IN,Bulgaria,BGR,3437093,3508326,3419146,3349557,3392066,3333191,3439496,3513312,3576886,3501419,3416246,3332676,3342114,3367629,3360446,3333925,3264392,3357463,3327434,3377388,3236488
Labor force, total,SL.TLF.TOTL.IN,Burkina Faso,BFA,4801025,4895789,4996386,5101630,5211766,5324918,5428597,5543647,5662495,5782783,5904585,6015190,6129355,6243973,6356666,6568637,6784066,7005191,7234205,7472710,7602386
Labor force, total,SL.TLF.TOTL.IN,Burundi,BDI,2661257,2734430,2821958,2921260,3028765,3141183,3253718,3373497,3497913,3623441,3748510,3860077,3972691,4085939,4201488,4350047,4503070,4660955,4822373,4987392,5134437
Labor force, total,SL.TLF.TOTL.IN,Cabo Verde,CPV,144165,148537,152778,157036,161553,166408,172045,177941,183995,189858,195407,200936,206239,211243,215939,220359,224651,228840,233493,237727,228160
Labor force, total,SL.TLF.TOTL.IN,Cambodia,KHM,5594590,6182972,6353563,6474780,6547310,6765452,6996534,7223833,7457314,7689325,8133020,8375988,8326168,8238537,8401086,8528093,8909179,9049870,9185185,9319219,9163338
Labor force, total,SL.TLF.TOTL.IN,Cameroon,CMR,7014332,7213220,7419591,7633627,7856899,8092421,8325462,8570760,8633267,8677070,8703898,8963938,9232295,9509728,9797048,10091532,10391573,10703273,11023211,11351498,11484246
Labor force, total,SL.TLF.TOTL.IN,Canada,CAN,16190364,16458479,16943201,17343484,17552499,17697127,17912331,18276042,18576393,18712291,18918726,19061289,19250224,19475966,19560731,19678725,19888519,20166001,20349923,20743970,20407102
Labor force, total,SL.TLF.TOTL.IN,Cayman Islands,CYM,..,..,..,..,..,..,..,..,..,..,..,..,..,..,..,..,..,..,..,..,..
Labor force, total,SL.TLF.TOTL.IN,Central African Republic,CAF,1497551,1527454,1558086,1590916,1622307,1655141,1684060,1713565,1741896,1765289,1784398,1789001,1787281,1792311,1791294,1794828,1815145,1841910,1874454,1910935,1922808
Labor force, total,SL.TLF.TOTL.IN,Chad,TCD,3092951,3200999,3319318,3441705,3562214,3690233,3820060,3951663,4088910,4232117,4378883,4535058,4695491,4865399,5039537,5221720,5408189,5597044,5789121,5986313,5983551
Labor force, total,SL.TLF.TOTL.IN,Channel Islands,CHI,72872,74110,75337,76046,76290,76549,76803,77250,78672,80080,80754,80488,80936,81370,81907,82667,83373,84217,85070,85880,85529
Labor force, total,SL.TLF.TOTL.IN,Chile,CHL,6283605,6316344,6385547,6571340,6782120,6980733,7198953,7410920,7730995,7845879,8032734,8315947,8423909,8556190,8714048,8861044,9000801,9208791,9391885,9514562,8859868
Labor force, total,SL.TLF.TOTL.IN,China,CHN,734745358,738908768,745095895,752357588,758741124,763719701,768097193,771363489,773625815,774904774,775372828,778344032,781065415,783402608,785158479,786338838,786996416,787183184,785986127,783981163,771255814
Labor force, total,SL.TLF.TOTL.IN,Colombia,COL,18122165,18562289,18959990,19518086,19513046,19705002,19817286,19931023,20484029,21750089,22438334,23074243,23782561,24040659,24476295,25054594,25430737,25865153,26235986,26413531,24802308
Labor force, total,SL.TLF.TOTL.IN,Comoros,COM,127464,131152,135019,139052,143245,148405,153634,159137,164923,170968,177284,183681,190311,197199,204264,210571,216517,222594,228821,235263,234737
"Labor force, total,SL.TLF.TOTL.IN,""Congo, Dem. Rep."",COD,18365475,18870817,19416059,19998578,20615035,21267594,21595160,21946023,22311503,22679412,23054965,23377698,23708506,24480526,25282845,26129042,26995845,27896291,28829039,29801894,29798149"
"Labor force, total,SL.TLF.TOTL.IN,""Congo, Rep."",COG,1233183,1272465,1312814,1356525,1402208,1450437,1503621,1562596,1621513,1679730,1735836,1783089,1827735,1871328,1913965,1960414,2013012,2068040,2124150,2182727,2149740"
Labor force, total,SL.TLF.TOTL.IN,Costa Rica,CRI,1623242,1731137,1767946,1816458,1829125,1942025,1977700,2049811,2083034,2106451,2107940,2123460,2294366,2316936,2343181,2338013,2273163,2336894,2445740,2568230,2444805
Labor force, total,SL.TLF.TOTL.IN,Cote d'Ivoire,CIV,6044605,6115838,6181555,6243370,6307018,6375398,6453206,6539481,6634611,6735766,6842722,6958692,7080483,7207321,7341139,7480187,7616765,7603546,7822369,8047575,8148055
Labor force, total,SL.TLF.TOTL.IN,Croatia,HRV,1981995,1898934,1872650,1884546,1935313,1935922,1921755,1936709,1941209,1937468,1913390,1875738,1855060,1834112,1885233,1887425,1828470,1821332,1794835,1788035,1773452
Labor force, total,SL.TLF.TOTL.IN,Cuba,CUB,4507288,4537660,4581101,4633927,4682833,4776191,4850507,4950118,4997790,5104995,5077913,5087844,5095721,5102955,5108174,5113579,5107450,5105339,5103446,5092603,4790069
Labor force, total,SL.TLF.TOTL.IN,Curacao,CUW,..,..,..,..,..,..,..,..,..,..,..,..,..,..,..,..,..,..,..,..,..
Labor force, total,SL.TLF.TOTL.IN,Cyprus,CYP,445199,465309,475450,494581,509224,518123,531572,546791,557574,570823,585702,585574,589090,593733,604632,604273,603101,611103,625732,636734,639143
Labor force, total,SL.TLF.TOTL.IN,Czech Republic,CZE,5153680,5132081,5134022,5128047,5125017,5180625,5186263,5186065,5205457,5249468,5241405,5233081,5269982,5323133,5324486,5337247,5388300,5419903,5452943,5441332,5372687
Labor force, total,SL.TLF.TOTL.IN,Denmark,DNK,2863243,2854693,2890686,2870525,2898501,2900793,2931398,2930831,2922413,2910409,2890450,2886698,2871547,2850268,2863193,2888656,2933273,2960274,2982472,3023904,3025542
Labor force, total,SL.TLF.TOTL.IN,Djibouti,DJI,263320,269826,276100,282217,288447,295023,304045,313621,323635,334181,344548,352424,360337,368180,375937,383864,391157,399069,406885,414573,412802
Labor force, total,SL.TLF.TOTL.IN,Dominica,DMA,..,..,..,..,..,..,..,..,..,..,..,..,..,..,..,..,..,..,..,..,..
Labor force, total,SL.TLF.TOTL.IN,Dominican Republic,DOM,3282360,3286982,3384929,3388368,3452459,3509451,3656410,3705722,3803885,3733574,3907280,4089232,4215758,4307344,4399403,4663527,4763946,4838903,5029437,5199104,4859386
Labor force, total,SL.TLF.TOTL.IN,Ecuador,ECU,5568321,5667598,5767431,5867129,6213934,6302130,6573775,6583447,6747269,6705194,6740237,6803755,7012139,7088863,7213267,7645865,8042980,8305504,8364868,8519412,8019060
"Labor force, total,SL.TLF.TOTL.IN,""Egypt, Arab Rep."",EGY,20044646,20381472,20753253,21603078,22456962,23292690,24087577,25205776,25686127,26585414,27411900,27825942,28583736,29411205,29972664,29541107,29893554,29628638,29275345,29776956,29077030"
Labor force, total,SL.TLF.TOTL.IN,El Salvador,SLV,2291668,2298090,2302609,2384405,2359487,2404448,2457636,2511381,2539621,2568058,2533393,2562008,2628802,2684335,2666332,2665791,2729501,2743375,2757136,2790599,2496192
Labor force, total,SL.TLF.TOTL.IN,Equatorial Guinea,GNQ,212734,222272,233065,245244,258737,273508,287291,302777,319982,338711,358577,375146,393137,412680,433716,455685,471728,489282,508610,529669,539296
Labor force, total,SL.TLF.TOTL.IN,Eritrea,ERI,980454,1036398,1101415,1172275,1242801,1308805,1355746,1396560,1433229,1462275,1487331,1500953,1511425,1521071,1522611,1532016,1551735,1571981,1589288,1612622,1545746
Labor force, total,SL.TLF.TOTL.IN,Estonia,EST,679299,669081,654709,677787,678243,673799,693457,692000,697853,690538,683977,687756,684569,680794,675991,686206,695233,703706,705794,703864,695674
Labor force, total,SL.TLF.TOTL.IN,Eswatini,SWZ,290520,295768,299577,302521,304974,306985,310224,313593,317181,320582,323608,327375,331426,335931,340742,345266,353016,360329,367331,374304,369244
Labor force, total,SL.TLF.TOTL.IN,Ethiopia,ETH,28473849,29396181,30377526,31405538,32463723,33556132,34549771,35597468,36712011,37911092,39198185,40615915,42103421,43655859,45168514,46716419,48237030,49794802,51400821,53021350,52799403
Labor force, total,SL.TLF.TOTL.IN,Faroe Islands,FRO,..,..,..,..,..,..,..,..,..,..,..,..,..,..,..,..,..,..,..,..,..
Labor force, total,SL.TLF.TOTL.IN,Fiji,FJI,302281,307487,311836,315831,320178,325147,333806,343778,354507,365216,375132,382756,376486,369240,361562,358244,356403,357467,359386,362135,357050
Labor force, total,SL.TLF.TOTL.IN,Finland,FIN,2586118,2608246,2623353,2620803,2611527,2627895,2661292,2690708,2718910,2689527,2679149,2692288,2698827,2684111,2687528,2695567,2688740,2709253,2742645,2748960,2764089
Labor force, total,SL.TLF.TOTL.IN,France,FRA,27360311,27428363,27764307,28324480,28503485,28785771,28940312,29187472,29400559,29646368,29744936,29747005,29982659,30128151,30070800,30155958,30220666,30263286,30376991,30298621,29951090
Labor force, total,SL.TLF.TOTL.IN,French Polynesia,PYF,96569,98509,100541,102392,104077,105565,107039,108277,109789,111144,112327,113512,114655,115486,116012,116218,116833,117080,117146,117304,115605
Labor force, total,SL.TLF.TOTL.IN,Gabon,GAB,340607,350920,362422,374361,387790,402151,419295,436500,457286,479448,502498,525363,551214,578952,607823,636634,659783,681868,702664,721992,726999
"Labor force, total,SL.TLF.TOTL.IN,""Gambia, The"",GMB,407092,420398,434640,449881,466112,483278,499963,517634,536279,555906,576715,596908,618331,639157,661579,683895,706595,729641,753288,777594,774759"
Labor force, total,SL.TLF.TOTL.IN,Georgia,GEO,2048942,2105452,2033008,2075506,2036509,2026193,2030337,2034084,2040530,2032801,2060426,2070937,2080962,2053726,2072575,2090770,2060003,2002172,1922142,1892372,1890552
Labor force, total,SL.TLF.TOTL.IN,Germany,DEU,40251178,40334537,40451098,40653164,40559921,41254074,41601159,41884470,41889046,41946315,42005792,41658239,41734548,42104557,42318973,42590799,43058646,43288288,43562287,43871267,43356611
Labor force, total,SL.TLF.TOTL.IN,Ghana,GHA,8292045,8466935,8656008,8855222,9063221,9278694,9502690,9760131,10023231,10287370,10550766,10786971,11020768,11250603,11480136,11708360,12007122,12304197,12611143,12919339,12934123
Labor force, total,SL.TLF.TOTL.IN,Gibraltar,GIB,..,..,..,..,..,..,..,..,..,..,..,..,..,..,..,..,..,..,..,..,..
Labor force, total,SL.TLF.TOTL.IN,Greece,GRC,4897352,4840121,4895009,4944448,5035461,5033989,5049127,5027123,5014236,5045727,5044713,4984694,4944292,4894411,4839324,4825164,4822179,4812802,4804069,4820627,4725227
Labor force, total,SL.TLF.TOTL.IN,Greenland,GRL,..,..,..,..,..,..,..,..,..,..,..,..,..,..,..,..,..,..,..,..,..
Labor force, total,SL.TLF.TOTL.IN,Grenada,GRD,..,..,..,..,..,..,..,..,..,..,..,..,..,..,..,..,..,..,..,..,..
Labor force, total,SL.TLF.TOTL.IN,Guam,GUM,74578,74874,75040,75164,75012,75015,75389,75583,75778,76058,76247,76579,76798,77071,77453,78016,78691,79524,80463,81292,80638
Labor force, total,SL.TLF.TOTL.IN,Guatemala,GTM,4049896,4178949,4304559,4427079,4556541,4669990,4789180,4916731,5048980,5182354,5313966,5455904,6048463,5761601,5969909,6098206,6307693,6499051,6690059,6879134,6433528
Labor force, total,SL.TLF.TOTL.IN,Guinea,GIN,2825615,2874696,2920891,2970435,3022516,3078721,3147477,3217620,3293949,3376457,3456145,3538285,3623090,3713571,3810625,3915430,4029342,4153775,4290415,4433672,4456584
Labor force, total,SL.TLF.TOTL.IN,Guinea-Bissau,GNB,474096,485668,498244,511638,525597,540214,554755,569999,586087,602957,620594,637995,657183,676792,697015,717280,737382,757877,779107,800830,792670
Labor force, total,SL.TLF.TOTL.IN,Guyana,GUY,275213,271865,268156,267519,267023,266833,269672,272576,275583,278775,282089,285075,288363,291847,295172,298279,301108,303981,306672,309036,291611
Labor force, total,SL.TLF.TOTL.IN,Haiti,HTI,3200330,3285931,3375156,3468177,3564194,3663181,3761161,3861174,3962674,4066987,4171084,4278357,4387298,4497080,4607433,4716760,4826157,4935063,5044199,5152876,4972660
Labor force, total,SL.TLF.TOTL.IN,Honduras,HND,2483269,2523585,2597178,2673867,2751575,2829199,2852114,2898688,3027426,3178786,3340844,3329667,3382395,3710174,3908154,4020719,4109457,4273419,4499901,4627393,4122938
"Labor force, total,SL.TLF.TOTL.IN,""Hong Kong SAR, China"",HKG,3395033,3442592,3499049,3491620,3534627,3555654,3598123,3653858,3666619,3685255,3659197,3725097,3808817,3882599,3901539,3936097,3951392,3961426,3961533,3940634,3847646"
Labor force, total,SL.TLF.TOTL.IN,Hungary,HUN,4160523,4147526,4150352,4221846,4202009,4273721,4304768,4287505,4259062,4258401,4299585,4316650,4369589,4403114,4527225,4617150,4685874,4714433,4732212,4750636,4728480
Labor force, total,SL.TLF.TOTL.IN,Iceland,ISL,169243,171628,171169,172114,173092,174967,181720,187329,189969,187696,188670,187884,189218,193193,198705,203037,208267,210572,212896,215408,214154
Labor force, total,SL.TLF.TOTL.IN,India,IND,396836575,406722314,416990123,427513791,438149349,449085798,451850215,454681303,457434576,460259998,462951189,463753798,464761442,469136973,473314433,477296183,481184542,484532665,487622021,494732705,471689092
Labor force, total,SL.TLF.TOTL.IN,Indonesia,IDN,98570550,98977596,98795439,99698353,101661446,101406836,103518197,108975289,111341191,113074400,115646090,117856217,120696964,121498134,123120914,124657268,125957742,129202366,132584070,135802884,134615733
"Labor force, total,SL.TLF.TOTL.IN,""Iran, Islamic Rep."",IRN,19158638,20095760,21089194,22126720,23170991,24209911,24201527,24164868,23406695,24064903,24035524,24155492,24266666,24357605,24418455,25357015,26558441,27421069,27769381,28212249,26813681"
Labor force, total,SL.TLF.TOTL.IN,Iraq,IRQ,5684366,5868161,6060125,6251654,6434563,6604401,6728910,6836818,6954046,7098055,7283181,7599634,7963674,8511015,9083658,9492499,9814443,9803742,10163568,10469142,10356910
Labor force, total,SL.TLF.TOTL.IN,Ireland,IRL,1868665,1906350,1951540,1996514,2046543,2161417,2244396,2327581,2348537,2309811,2273937,2252958,2245011,2263744,2267426,2283088,2321777,2344215,2385518,2429600,2425124
Labor force, total,SL.TLF.TOTL.IN,Isle of Man,IMN,..,..,..,..,..,..,..,..,..,..,..,..,..,..,..,..,..,..,..,..,..
Labor force, total,SL.TLF.TOTL.IN,Israel,ISR,2768157,2834925,2860781,2931500,3010835,3085530,3170975,3261728,3326750,3411485,3495104,3543276,3642686,3715106,3806532,3876859,3956081,4025082,4102566,4159779,4127508
Labor force, total,SL.TLF.TOTL.IN,Italy,ITA,23280458,23403760,23665701,23976861,24515472,24356055,24395026,24378951,24708566,24506452,24462578,24477992,25033694,25171797,25569875,25540324,25812533,25985393,26032169,26034548,25340789
Labor force, total,SL.TLF.TOTL.IN,Jamaica,JAM,1205206,1210488,1215419,1219819,1230098,1239068,1250649,1261560,1272800,1284589,1297002,1309760,1322327,1363025,1378856,1402304,1445339,1477032,1473383,1502858,1457340
Labor force, total,SL.TLF.TOTL.IN,Japan,JPN,67653961,67599934,67173003,67063140,66721957,66732912,66797642,67140153,67097475,66913175,66668694,66039729,65639408,65967827,66176723,66364640,66854063,67285070,68355058,68838956,68644444
Labor force, total,SL.TLF.TOTL.IN,Jordan,JOR,1299796,1327780,1346871,1361865,1404997,1455959,1507626,1630982,1702118,1828704,1897304,1976035,2049780,2112618,2224970,2330983,2426282,2509467,2582605,2649637,2595844
Labor force, total,SL.TLF.TOTL.IN,Kazakhstan,KAZ,7698699,7690521,7714111,7762577,7806603,7952004,8084175,8229094,8439503,8573098,8721578,8808570,8893427,8972219,9061237,9115881,9071275,9004270,9034737,9060001,8768143
Labor force, total,SL.TLF.TOTL.IN,Kenya,KEN,12432852,12617404,12814409,13014341,13195479,13349642,14010033,14679131,15357745,16061292,16792529,17540848,18329670,19148793,19993820,20855980,21750139,22401921,23056079,23733383,23738797
Labor force, total,SL.TLF.TOTL.IN,Kiribati,KIR,..,..,..,..,..,..,..,..,..,..,..,..,..,..,..,..,..,..,..,..,..
"Labor force, total,SL.TLF.TOTL.IN,""Korea, Dem. People’s Rep."",PRK,13991190,14131180,14268829,14401238,14536304,14672653,14805511,14951008,15091387,15244412,15390619,15541979,15676656,15806536,15937808,16081926,16191402,16330739,16471639,16567358,16371296"
"Labor force, total,SL.TLF.TOTL.IN,""Korea, Rep."",KOR,22819687,23201688,23654992,23677188,24165776,24304626,24542632,24794644,24941045,24932115,25273507,25696124,26094698,26415473,27165844,27578100,27823200,28136437,28303251,28541663,28319613"
Labor force, total,SL.TLF.TOTL.IN,Kosovo,XKX,..,..,..,..,..,..,..,..,..,..,..,..,..,..,..,..,..,..,..,..,..
Labor force, total,SL.TLF.TOTL.IN,Kuwait,KWT,987253,1017641,1040666,1054132,1082115,1125105,1183558,1258858,1352228,1469658,1592229,1705594,1827785,1957564,2081462,2192965,2265873,2336843,2386268,2428522,2386036
Labor force, total,SL.TLF.TOTL.IN,Kyrgyz Republic,KGZ,2058397,2085585,2136666,2174785,2218737,2311548,2381437,2396237,2404556,2411079,2447308,2489034,2496363,2476191,2507775,2545405,2548381,2530554,2526202,2565016,2430666
Labor force, total,SL.TLF.TOTL.IN,Lao PDR,LAO,2414132,2469864,2524389,2580268,2640337,2705639,2780686,2858940,2939336,3020625,3101309,3182453,3265355,3347538,3427243,3503721,3577629,3649338,3719774,3793015,3828608
Labor force, total,SL.TLF.TOTL.IN,Latvia,LVA,1090054,1090797,1115239,1096818,1098325,1093750,1119719,1135964,1150453,1106548,1063015,1035943,1041140,1020645,1006084,1008427,1006975,1003671,1000161,983777,978769
Labor force, total,SL.TLF.TOTL.IN,Lebanon,LBN,1223597,1278604,1350220,1428563,1496085,1556549,1597995,1624065,1633405,1657121,1710046,1799765,1912409,2028806,2134116,2221023,2295445,2345842,2384032,2423714,2317665
Labor force, total,SL.TLF.TOTL.IN,Lesotho,LSO,897608,899058,896561,891854,887255,884079,880436,879596,880835,883262,886436,890712,896166,902723,915273,927928,938315,950589,962687,974541,967758
Labor force, total,SL.TLF.TOTL.IN,Liberia,LBR,1214647,1258613,1288814,1318325,1344966,1380976,1428638,1485514,1548790,1613133,1674746,1730591,1783841,1835504,1889341,1944684,2049004,2106231,2165330,2226993,2193838
Labor force, total,SL.TLF.TOTL.IN,Libya,LBY,1585613,1640444,1700446,1763839,1828342,1892694,1949289,2003851,2054226,2101429,2144239,2174528,2198559,2219441,2238977,2260370,2296533,2337205,2380698,2422944,2389203
Labor force, total,SL.TLF.TOTL.IN,Liechtenstein,LIE,..,..,..,..,..,..,..,..,..,..,..,..,..,..,..,..,..,..,..,..,..
Labor force, total,SL.TLF.TOTL.IN,Lithuania,LTU,1682305,1643848,1628825,1683889,1594160,1553512,1511924,1511458,1512452,1522349,1503719,1495237,1484453,1473060,1481195,1470210,1482426,1469058,1472733,1469927,1443438
Labor force, total,SL.TLF.TOTL.IN,Luxembourg,LUX,188742,189068,194909,194848,201402,207437,213169,215991,220430,234340,237895,243402,255169,263156,273714,282741,283578,293663,302757,313151,317841
"Labor force, total,SL.TLF.TOTL.IN,""Macao SAR, China"",MAC,215691,225549,227506,231083,243986,258006,274856,295076,309298,320759,331692,342540,349829,359101,370802,376708,377736,380038,383792,384359,394426"
Labor force, total,SL.TLF.TOTL.IN,Madagascar,MDG,7491550,7725949,7979403,8237010,8506279,8782566,9136183,9494923,9863416,10244690,10637892,10957661,11286696,11611874,11931231,12238656,12619481,13009260,13408268,13818213,13851030
Labor force, total,SL.TLF.TOTL.IN,Malawi,MWI,4682849,4778673,4880937,4991329,5110449,5239921,5382257,5533340,5693564,5865209,6049907,6241751,6451306,6673992,6887336,7106033,7333124,7562290,7798372,8040476,8204922
Labor force, total,SL.TLF.TOTL.IN,Malaysia,MYS,9538843,9801298,10062825,10339408,10623368,10923972,11178610,11444490,11635136,11983964,12267639,12826883,13338659,13944222,14286265,14617014,14858346,15155178,15523398,15780711,15904357
Labor force, total,SL.TLF.TOTL.IN,Maldives,MDV,90256,95153,100776,106958,113403,119921,125966,132163,138889,146642,159678,175307,192855,212001,232099,244281,254835,270804,285620,297754,293992
Labor force, total,SL.TLF.TOTL.IN,Mali,MLI,4076717,4194409,4327020,4464960,4615141,4771760,4923686,5086982,5257010,5430322,5606099,5765383,5932948,6104256,6280112,6450274,6587690,6729913,6949203,7179725,7384689
Labor force, total,SL.TLF.TOTL.IN,Malta,MLT,156006,159292,160246,161252,158489,160881,163303,167380,169728,172299,176149,180330,186736,194975,202533,208235,215527,223541,236718,249860,251058
Labor force, total,SL.TLF.TOTL.IN,Marshall Islands,MHL,..,..,..,..,..,..,..,..,..,..,..,..,..,..,..,..,..,..,..,..,..
Labor force, total,SL.TLF.TOTL.IN,Mauritania,MRT,749317,765124,782328,800444,819340,838787,857862,878659,900122,922747,946001,969238,993590,1025110,1057649,1091206,1123926,1157887,1196746,1234266,1249908
Labor force, total,SL.TLF.TOTL.IN,Mauritius,MUS,519719,525758,529542,532242,534583,544373,547146,545323,551787,557209,569301,566492,573745,588465,595863,603775,600960,608121,605789,606150,594282
Labor force, total,SL.TLF.TOTL.IN,Mexico,MEX,38989194,39451527,39990355,41048906,42274651,43772750,45215866,46262332,47054558,48003205,48835135,49848253,51365736,52135929,52543344,53579107,54395102,55135551,56255845,57839044,53978620
"Labor force, total,SL.TLF.TOTL.IN,""Micronesia, Fed. Sts."",FSM,..,..,..,..,..,..,..,..,..,..,..,..,..,..,..,..,..,..,..,..,.."
Labor force, total,SL.TLF.TOTL.IN,Moldova,MDA,1205154,1193492,1179498,1171288,1162910,1139254,1109921,1080264,1049141,1017232,996877,1013472,978306,996525,993101,1052863,1009773,982034,880485,929853,883353
Labor force, total,SL.TLF.TOTL.IN,Monaco,MCO,..,..,..,..,..,..,..,..,..,..,..,..,..,..,..,..,..,..,..,..,..
Labor force, total,SL.TLF.TOTL.IN,Mongolia,MNG,941722,965581,990443,1015379,1037912,1062963,1086568,1108269,1130506,1153170,1171506,1210130,1215683,1243102,1268989,1287072,1278749,1306762,1334949,1405186,1422492
Labor force, total,SL.TLF.TOTL.IN,Montenegro,MNE,234186,234944,235803,236748,237054,237459,238296,239453,240882,241537,242460,242929,249988,250767,262644,268037,271031,271388,277006,282668,272085
Labor force, total,SL.TLF.TOTL.IN,Morocco,MAR,9633184,9840852,9979828,10269865,10499897,10654362,10781749,10952164,11106216,11315947,11518920,11722315,11761742,11856985,11840039,11815636,11780455,11742473,11914887,12084530,11523316
Labor force, total,SL.TLF.TOTL.IN,Mozambique,MOZ,8385476,8617793,8858971,9105920,9320342,9537649,9720447,9912592,10113187,10317476,10525099,10733461,10945394,11161617,11389879,11628997,11990203,12372018,12771938,13188547,13309807
Labor force, total,SL.TLF.TOTL.IN,Myanmar,MMR,22871646,23079227,23255098,23383076,23485942,23564742,23600716,23641927,23705067,23772454,23864811,24088509,24299026,24503842,24711689,24926256,24612933,24285893,24691853,24188087,22951393
Labor force, total,SL.TLF.TOTL.IN,Namibia,NAM,571211,587798,604639,621895,639609,657742,678891,699615,720208,741197,762912,782547,803617,860803,875289,885844,897022,904570,911467,934582,942938
Labor force, total,SL.TLF.TOTL.IN,Nauru,NRU,..,..,..,..,..,..,..,..,..,..,..,..,..,..,..,..,..,..,..,..,..
Labor force, total,SL.TLF.TOTL.IN,Nepal,NPL,12125248,12350230,12573403,12791480,13005420,13213347,13474862,13718573,13936975,14147578,14324204,14402110,14458018,14519474,14616416,14769170,15148975,15593131,16089569,16612856,16016973
Labor force, total,SL.TLF.TOTL.IN,Netherlands,NLD,8159405,8307658,8443411,8481867,8539309,8387242,8433281,8607164,8767595,8853313,8829489,8849590,8961064,8987420,8966341,9034853,9051471,9110883,9228664,9374012,9348278
Labor force, total,SL.TLF.TOTL.IN,New Caledonia,NCL,100608,102555,104650,106617,108494,110438,112998,115466,117962,120146,122309,124060,126138,128332,130477,132722,134845,136931,139007,141062,141001
Labor force, total,SL.TLF.TOTL.IN,New Zealand,NZL,1928975,1966107,2027956,2065767,2121367,2178496,2230155,2265541,2286669,2302464,2324737,2353326,2362367,2393523,2468222,2520970,2620843,2708657,2756619,2787494,2775638
Labor force, total,SL.TLF.TOTL.IN,Nicaragua,NIC,1888618,1946510,2002397,2057742,2112918,2168591,2226981,2295741,2365114,2433946,2501799,2571031,2640115,2708602,2775819,2834686,2894847,2953743,3007343,3060595,3028028
Labor force, total,SL.TLF.TOTL.IN,Niger,NER,4642110,4793833,4958183,5133767,5319078,5508725,5688663,5883040,6088947,6312766,6547945,6788467,6861463,6917190,6948511,7225638,7502914,7799099,8108934,8435886,8749112
Labor force, total,SL.TLF.TOTL.IN,Nigeria,NGA,41439753,42444295,43376698,44463287,45568177,46768187,47945348,49185878,50482323,51791903,53143750,54535980,53686192,52794893,53696550,54557232,55285984,57856178,60517072,63226718,62242745
Labor force, total,SL.TLF.TOTL.IN,North Macedonia,MKD,836697,847756,857670,870823,878553,886594,893490,907904,924518,936711,945690,948176,946062,959326,964035,960040,952052,957087,959882,966409,897288
Labor force, total,SL.TLF.TOTL.IN,Northern Mariana Islands,MNP,..,..,..,..,..,..,..,..,..,..,..,..,..,..,..,..,..,..,..,..,..
Labor force, total,SL.TLF.TOTL.IN,Norway,NOR,2405139,2416453,2438370,2408488,2422629,2431748,2466274,2523507,2599068,2598938,2607569,2626211,2671168,2697989,2722791,2762116,2769635,2763116,2799958,2829759,2842995
Labor force, total,SL.TLF.TOTL.IN,Oman,OMN,786265,801577,828911,865691,903574,946865,1008263,1080037,1166140,1272484,1402178,1562426,1751254,1955980,2159716,2349281,2483035,2567375,2590638,2680158,2677983
Labor force, total,SL.TLF.TOTL.IN,Pakistan,PAK,42189250,43335073,44602004,46385762,48262403,49363774,50433632,51945099,53495402,55582917,57628026,59218227,61250812,63322046,64831970,67750895,69173463,70596730,72035348,73855151,72335052
Labor force, total,SL.TLF.TOTL.IN,Palau,PLW,..,..,..,..,..,..,..,..,..,..,..,..,..,..,..,..,..,..,..,..,..
Labor force, total,SL.TLF.TOTL.IN,Panama,PAN,1297256,1334335,1372892,1412117,1455625,1495522,1508684,1554945,1627029,1635462,1639798,1641809,1727009,1787720,1813500,1858187,1910910,1937213,2029893,2092546,1985363
Labor force, total,SL.TLF.TOTL.IN,Papua New Guinea,PNG,2535848,2521826,2502095,2476525,2446619,2412805,2375659,2334505,2287924,2235477,2177179,2236421,2289075,2344648,2377920,2420755,2476427,2534825,2606721,2661622,2710581
Labor force, total,SL.TLF.TOTL.IN,Paraguay,PRY,2281458,2346261,2413811,2443589,2634757,2662794,2640528,2745503,2804499,2916827,2892082,2964087,3164914,3187574,3175766,3240373,3337982,3406587,3534862,3625050,3563080
Labor force, total,SL.TLF.TOTL.IN,Peru,PER,11692074,12499020,13077928,13429474,13974994,13759134,14527741,15183487,15399984,15692700,16046723,16167036,16369958,16498669,16586663,16615221,17008000,17847716,18411994,18920060,16182362
Labor force, total,SL.TLF.TOTL.IN,Philippines,PHL,29997562,30709972,31395611,31892849,32728948,33627927,34562187,35435879,36364918,37591308,38574077,39896839,40486053,41186689,42520249,43017635,43917395,43008543,43868305,45122824,43719197
Labor force, total,SL.TLF.TOTL.IN,Poland,POL,17320797,17574130,17378966,17299224,17266917,17529693,17325512,17329145,17563323,17831377,18036275,18103432,18227655,18269724,18388510,18315209,18378290,18444329,18390676,18318734,18189905
Labor force, total,SL.TLF.TOTL.IN,Portugal,PRT,5252469,5358185,5444628,5469569,5451962,5505954,5532331,5553304,5547732,5492080,5489663,5431231,5388428,5296912,5240929,5216570,5203952,5248383,5267812,5288733,5156349
Labor force, total,SL.TLF.TOTL.IN,Puerto Rico,PRI,1349980,1366497,1381424,1388208,1389152,1404091,1411470,1387519,1356507,1336418,1317697,1287965,1257549,1227653,1191204,1153329,1136013,1111207,1067068,1064401,1009583
Labor force, total,SL.TLF.TOTL.IN,Qatar,QAT,339026,357457,377996,409958,460792,543760,674472,843576,1033282,1227582,1413345,1536263,1651717,1758736,1859063,1952291,2004463,2046231,2085150,2124260,2146646
Labor force, total,SL.TLF.TOTL.IN,Romania,ROU,11759446,11398822,10266956,9965958,9905676,9603716,9752730,9570877,9347339,9224754,9368822,9179951,9226931,9184433,9210744,9114394,8951574,9108635,9054388,9013829,8945651
Labor force, total,SL.TLF.TOTL.IN,Russian Federation,RUS,73312709,72007910,72965301,72845412,73570472,74140578,74432744,75462934,76004239,76014195,75880787,76029232,75820112,75450406,75248204,75016902,74937521,74182815,73825997,72674672,72025029
Labor force, total,SL.TLF.TOTL.IN,Rwanda,RWA,3782150,3933745,4045335,4135564,4224951,4325673,4440286,4563107,4691968,4824224,4958770,5089201,5226219,5368372,5512958,5668124,5836808,6008195,6179072,6354573,6296285
Labor force, total,SL.TLF.TOTL.IN,Samoa,WSM,47223,47505,47841,48061,48217,48379,48773,48894,49314,50092,50486,50925,51853,52422,52773,52680,52569,52779,53240,53543,53775
Labor force, total,SL.TLF.TOTL.IN,San Marino,SMR,..,..,..,..,..,..,..,..,..,..,..,..,..,..,..,..,..,..,..,..,..
Labor force, total,SL.TLF.TOTL.IN,Sao Tome and Principe,STP,43677,44749,45861,46984,48213,49544,51511,53685,55869,58014,59930,61478,62843,64051,65195,66408,67726,69064,70450,71876,70639
Labor force, total,SL.TLF.TOTL.IN,Saudi Arabia,SAU,6358516,6571826,6850758,7198759,7571125,7953101,8298907,8645080,8980041,9320116,9882980,10563687,11306004,11980361,12556264,13187031,13607874,13838780,14019589,14387604,14455502
Labor force, total,SL.TLF.TOTL.IN,Senegal,SEN,2787758,2856191,2932758,3007438,3086416,3168692,3257567,3311141,3364691,3419518,3474417,3529082,3584979,3643784,3702752,3762684,3878098,3996440,4122275,4252308,4255232
Labor force, total,SL.TLF.TOTL.IN,Serbia,SRB,3433613,3404135,3382750,3365515,3336760,3317483,3294831,3290084,3237792,3141208,3064360,3048420,3068094,3111458,3122788,3096774,3191848,3219038,3242002,3240312,3168403
Labor force, total,SL.TLF.TOTL.IN,Seychelles,SYC,..,..,..,..,..,..,..,..,..,..,..,..,..,..,..,..,..,..,..,..,..
Labor force, total,SL.TLF.TOTL.IN,Sierra Leone,SLE,1640705,1705300,1773279,1856593,1989004,2048940,2090913,2125709,2156093,2185722,2217903,2246034,2276957,2309334,2342287,2424127,2485138,2549250,2615236,2681081,2717389
Labor force, total,SL.TLF.TOTL.IN,Singapore,SGP,2161331,2229754,2228266,2202865,2238476,2317666,2432403,2582913,2790730,2903227,3005326,3090172,3207408,3272484,3363937,3451804,3496341,3497085,3493603,3525665,3511945
Labor force, total,SL.TLF.TOTL.IN,Sint Maarten (Dutch part),SXM,..,..,..,..,..,..,..,..,..,..,..,..,..,..,..,..,..,..,..,..,..
Labor force, total,SL.TLF.TOTL.IN,Slovak Republic,SVK,2585035,2633108,2623926,2658274,2674080,2662165,2653642,2650409,2681978,2672080,2683556,2686049,2710897,2718461,2724189,2739823,2763962,2762066,2754062,2749141,2720894
Labor force, total,SL.TLF.TOTL.IN,Slovenia,SVN,961234,969858,983737,963181,1010627,1019024,1025737,1040308,1036323,1043550,1043795,1022938,1017670,1012930,1017369,1010882,998363,1029046,1037500,1028117,1016774
Labor force, total,SL.TLF.TOTL.IN,Solomon Islands,SLB,201273,208583,215334,221279,227366,233441,239198,244930,250724,257952,264085,270233,277485,285152,293212,301541,309640,318217,327092,336211,345380
Labor force, total,SL.TLF.TOTL.IN,Somalia,SOM,2325435,2378778,2440900,2509293,2580796,2653990,2712492,2769756,2830020,2898324,2977339,3050432,3138121,3236179,3340680,3450716,3568271,3689929,3817307,3953140,4065050
Labor force, total,SL.TLF.TOTL.IN,South Africa,ZAF,16463987,16805314,17149625,17513163,17879755,18254907,18604581,18966474,19357609,19107455,18903307,19230873,19748125,20356336,20827819,21688512,22090024,22691811,22948482,23326431,21743198
Labor force, total,SL.TLF.TOTL.IN,South Sudan,SSD,2544254,2643067,2741739,2845998,2963672,3099748,3254104,3424390,3601195,3774340,3935492,4072130,4194850,4302838,4396432,4476852,4536023,4580950,4621387,4671394,4581139
Labor force, total,SL.TLF.TOTL.IN,Spain,ESP,18277071,18211898,19062141,19838783,20512253,21285000,21903811,22460014,23072041,23335479,23534138,23571937,23582846,23385043,23181794,23116193,23102719,23046662,23065836,23227683,22667625
Labor force, total,SL.TLF.TOTL.IN,Sri Lanka,LKA,7828789,7910072,7989204,8064863,8134560,8198712,8249251,8295378,8336283,8371081,8261380,8271580,8169734,8462300,8412181,8640062,8795093,8926926,8696194,8704381,8544846
Labor force, total,SL.TLF.TOTL.IN,St. Kitts and Nevis,KNA,..,..,..,..,..,..,..,..,..,..,..,..,..,..,..,..,..,..,..,..,..
Labor force, total,SL.TLF.TOTL.IN,St. Lucia,LCA,67710,69286,71447,73718,76135,78751,81655,84506,87225,89728,91952,94273,96416,98469,100442,102373,104128,105887,108503,108314,104794
Labor force, total,SL.TLF.TOTL.IN,St. Martin (French part),MAF,..,..,..,..,..,..,..,..,..,..,..,..,..,..,..,..,..,..,..,..,..
Labor force, total,SL.TLF.TOTL.IN,St. Vincent and the Grenadines,VCT,48417,49200,50019,50836,51585,52256,52789,53122,53346,53579,53866,54187,54616,55091,55527,55900,56350,56897,57461,57951,55567
Labor force, total,SL.TLF.TOTL.IN,Sudan,SDN,7835716,8025490,8225268,8429752,8636672,8840518,9018260,9189453,9360818,9539900,9730104,9953716,10198529,10475765,10772723,11075686,11384739,11707529,12061095,12434007,12385472
Labor force, total,SL.TLF.TOTL.IN,Suriname,SUR,159722,162545,165407,168437,171615,174779,178208,181828,185525,189188,192862,196485,199922,203227,206401,209333,211735,214449,217128,219507,207733
Labor force, total,SL.TLF.TOTL.IN,Sweden,SWE,4514130,4561650,4578307,4604216,4617014,4688853,4750286,4824500,4891961,4908471,4943074,5001509,5036384,5100683,5143977,5186870,5252218,5337330,5399893,5455406,5473471
Labor force, total,SL.TLF.TOTL.IN,Switzerland,CHE,3998130,4055917,4094212,4141642,4149456,4173059,4237497,4308347,4410305,4480663,4449903,4539303,4597342,4655858,4742868,4813685,4889972,4919831,4953967,4965077,4957318
Labor force, total,SL.TLF.TOTL.IN,Syrian Arab Republic,SYR,4865205,4964970,5055715,5133453,5154997,5195624,5321072,5469454,5693701,5653165,5768641,5758216,5669075,5538377,5403434,5292803,5197787,5140493,5136172,5224031,5165836
Labor force, total,SL.TLF.TOTL.IN,Tajikistan,TJK,1612423,1659454,1713087,1772975,1851899,1889658,1923985,1952398,1978870,2032607,2083437,2125761,2168899,2209823,2248689,2284109,2315763,2318789,2322550,2327476,2329182
Labor force, total,SL.TLF.TOTL.IN,Tanzania,TZA,16130290,16563197,17083855,17622060,18184277,18766992,19327212,19777376,20241230,20710631,21182238,21660978,22147170,22639880,23135756,23876858,24658253,25468147,26304005,27172947,28039058
Labor force, total,SL.TLF.TOTL.IN,Thailand,THA,35021101,35315000,35810203,36285087,36815552,37347000,37575435,38305650,38752683,39186895,38941751,40061270,40107516,39263693,38995309,38919078,38664362,38489411,38908370,38650532,38483132
Labor force, total,SL.TLF.TOTL.IN,Timor-Leste,TLS,343519,346764,356110,365499,375053,384547,394201,401079,408208,415606,423102,434157,445006,457445,469585,483010,497099,514316,530709,545809,559603
Labor force, total,SL.TLF.TOTL.IN,Togo,TGO,1609401,1660669,1710455,1759156,1813631,1872422,1929161,1990939,2052295,2114151,2177233,2240848,2305856,2373256,2441620,2511544,2582427,2654924,2728772,2804490,2816705
Labor force, total,SL.TLF.TOTL.IN,Tonga,TON,33998,34269,34380,34374,34349,34325,34334,34368,34361,34228,33956,33629,33130,32538,31970,31494,31263,31204,31252,31792,31566
Labor force, total,SL.TLF.TOTL.IN,Trinidad and Tobago,TTO,577320,586943,597160,617304,636832,655442,660997,664116,668140,664488,657656,652553,664620,669533,676866,672830,670088,669781,669495,668958,637047
Labor force, total,SL.TLF.TOTL.IN,Tunisia,TUN,3221278,3258851,3294421,3328742,3363107,3397704,3492965,3563483,3639846,3729001,3807781,3872081,3962510,3955090,3981239,4012181,4034417,4060674,4086764,4115301,4108027
Labor force, total,SL.TLF.TOTL.IN,Turkey,TUR,21416629,21767789,22072118,21907831,21874677,22316758,22241101,22626117,23362744,24208669,25218826,26283207,26782943,27839270,28689600,29779756,30828977,31957026,32825427,33318944,32317259
Labor force, total,SL.TLF.TOTL.IN,Turkmenistan,TKM,1784537,1822345,1862917,1894739,1926105,1945640,1967774,1998191,2027506,2072361,2107258,2136673,2166706,2194401,2223334,2258332,2283080,2313976,2348371,2380594,2361380
Labor force, total,SL.TLF.TOTL.IN,Turks and Caicos Islands,TCA,..,..,..,..,..,..,..,..,..,..,..,..,..,..,..,..,..,..,..,..,..
Labor force, total,SL.TLF.TOTL.IN,Tuvalu,TUV,..,..,..,..,..,..,..,..,..,..,..,..,..,..,..,..,..,..,..,..,..
Labor force, total,SL.TLF.TOTL.IN,Uganda,UGA,8366079,8621820,8897892,9194211,9507856,9836275,10175253,10530964,10907527,11301737,11717625,12148581,12605531,13060928,13549204,14078447,14656889,15285342,15932278,16588432,16514678
Labor force, total,SL.TLF.TOTL.IN,Ukraine,UKR,23224275,22732738,22577667,22445285,22292788,22167506,22043102,21924436,21813765,21744285,21676891,21642069,21425570,21583163,20951080,20952135,20764636,20621915,20417458,20207728,19454894
Labor force, total,SL.TLF.TOTL.IN,United Arab Emirates,ARE,1760638,1896724,2048195,2245476,2534168,2943396,3493192,4187567,4946286,5654067,6220770,6473126,6576737,6583700,6572267,6600053,6612644,6676278,6753138,6834750,6820037
Labor force, total,SL.TLF.TOTL.IN,United Kingdom,GBR,29296964,29262079,29590990,29872351,30149292,30597413,31044498,31253080,31667267,31852655,32039432,32227412,32582929,32899155,33196455,33483034,33799601,34011298,34331422,34639275,34707922
Labor force, total,SL.TLF.TOTL.IN,United States,USA,146738408,147700623,148537335,149149961,150211571,152069624,153926385,155217717,157018960,157119031,156905914,156975333,158646244,158753171,159542326,160604120,162552800,164257517,165475054,167282980,165491966
Labor force, total,SL.TLF.TOTL.IN,Uruguay,URY,1559173,1602573,1577296,1570403,1571352,1583431,1620705,1662758,1688609,1707666,1711278,1732504,1730455,1726684,1750236,1749369,1750925,1748190,1749881,1759506,1686487
Labor force, total,SL.TLF.TOTL.IN,Uzbekistan,UZB,10036869,10295119,10556510,10814844,11040448,11277009,11510371,11738727,11987369,12255926,12684814,13062919,13283938,13509118,13739902,13950059,14162987,14370393,14554971,14762000,14384347
Labor force, total,SL.TLF.TOTL.IN,Vanuatu,VUT,74631,77193,80187,82809,85482,87995,90695,93339,95817,98623,101751,104149,106992,110007,112809,115570,119016,122066,125178,128492,129484
"Labor force, total,SL.TLF.TOTL.IN,""Venezuela, RB"",VEN,10139739,10424094,10620863,10823290,11232886,11583003,11963901,12120856,12330653,12515230,12716070,12931336,13091976,13342703,13493597,13545018,13319573,13000331,12588139,11996396,11063337"
Labor force, total,SL.TLF.TOTL.IN,Vietnam,VNM,41917512,42975752,43921344,44790577,45666854,46598033,47441387,48338678,49293953,50211131,51254209,52143760,52979840,54292866,54997811,55604620,55859289,56466327,57025338,57307620,56542499
Labor force, total,SL.TLF.TOTL.IN,Virgin Islands (U.S.),VIR,52423,53088,53624,54006,54302,54619,54746,54871,54977,54928,54812,54353,53831,53366,52957,52564,52339,52133,51957,51757,49545
Labor force, total,SL.TLF.TOTL.IN,West Bank and Gaza,PSE,622277,584407,591293,658665,671885,702777,727526,777108,793161,824065,862798,923030,962609,997690,1038963,1120656,1150558,1189979,1214011,1275969,1265137
"Labor force, total,SL.TLF.TOTL.IN,""Yemen, Rep."",YEM,4087049,4174837,4262398,4354094,4456622,4569595,4683882,4811560,4947921,5089345,5231267,5317033,5408852,5504849,5604750,5861847,6096806,6331161,6561778,6793468,6956437"
Labor force, total,SL.TLF.TOTL.IN,Zambia,ZMB,4423693,4534290,4647235,4761136,4878794,5001756,5087338,5179445,5278728,5385206,5498646,5638713,5786679,5989277,6201159,6422839,6649721,6887268,7133451,7390078,7636664
Labor force, total,SL.TLF.TOTL.IN,Zimbabwe,ZWE,5469780,5562013,5645674,5723422,5798924,5822516,5876507,5930826,5987037,6046567,6110063,6194591,6285545,6385796,6486791,6587823,6686432,6793545,6908699,7037037,6985770
Labor force, total,SL.TLF.TOTL.IN,Arab World,ARB,82984968,84968599,87077990,90011595,92965157,96049834,99281130,103159201,106482610,110161836,114111272,117341275,120739613,124425399,126846069,129099358,131641441,133065712,134761988,137660448,135831129
Labor force, total,SL.TLF.TOTL.IN,Caribbean small states,CSS,2726009,2751725,2777771,2816347,2861914,2904482,2940183,2972650,3005988,3031903,3054812,3080854,3121924,3188122,3226313,3265344,3326846,3374290,3387816,3430564,3295401
Labor force, total,SL.TLF.TOTL.IN,Central Europe and the Baltics,CEB,50811463,50666511,49228527,48929127,48882432,48859119,48935004,48853751,48972334,49037953,49253786,48969451,49230059,49288035,49601473,49520899,49443860,49833643,49722737,49624779,49102211
Labor force, total,SL.TLF.TOTL.IN,Early-demographic dividend,EAR,938068893,959372744,980040807,1003089346,1028739692,1051153705,1067261914,1086849457,1102126469,1119122312,1136513247,1152240834,1169178265,1186913631,1203774853,1223197161,1241675043,1261513651,1280515154,1303998836,1254157939
Labor force, total,SL.TLF.TOTL.IN,East Asia & Pacific,EAS,1117391961,1126061165,1135445633,1146391800,1158246681,1166912786,1177102882,1190313768,1198771581,1205496343,1211911697,1222104511,1230648022,1237109286,1244646906,1250498191,1255058403,1259623343,1266543881,1270337839,1252114131
Labor force, total,SL.TLF.TOTL.IN,East Asia & Pacific (excluding high income),EAP,999142979,1007060838,1016021421,1026762980,1038022360,1045921557,1055159687,1067148345,1074818164,1081289653,1087143550,1097040330,1105037361,1110379219,1116525671,1121244816,1124665858,1128058486,1133332584,1136038204,1118445298
Labor force, total,SL.TLF.TOTL.IN,East Asia & Pacific (IDA & IBRD countries),TEA,985151788,992929658,1001752593,1012361742,1023486056,1031248904,1040354177,1052197337,1059726776,1066045241,1071752931,1081498351,1089360705,1094572682,1100587864,1105162890,1108474456,1111727747,1116860945,1119470845,1102074002
Labor force, total,SL.TLF.TOTL.IN,Euro area,EMU,148030865,148413687,150461750,152610607,154056667,155919608,157382572,158962129,160470069,160882569,161206488,160775308,161795861,162224951,162524847,162931524,163874582,164509205,165292410,165994006,163468480
Labor force, total,SL.TLF.TOTL.IN,Europe & Central Asia,ECS,396929926,396169012,398668315,400808237,403473357,407327790,410059610,413759841,417727566,419819236,422201852,423857015,426086086,428271641,429925476,432098583,434546100,436273211,437855135,438364281,431660616
Labor force, total,SL.TLF.TOTL.IN,Europe & Central Asia (excluding high income),ECA,165358903,164366595,165724793,165713878,166653971,168002003,168660837,170549948,172351182,173588587,175112183,177003682,177498222,178748632,179317069,180683804,181718197,182192276,182608709,182092860,178126089
Labor force, total,SL.TLF.TOTL.IN,Europe & Central Asia (IDA & IBRD countries),TEC,196421141,195238481,195243364,194863607,195761877,197071334,197660834,199386679,201203052,202582186,204430670,206162802,206807868,208036902,208801557,210000832,210876531,211566573,211848608,211213458,207035097
Labor force, total,SL.TLF.TOTL.IN,European Union,EUU,199221774,199489849,200152835,201934527,203399181,205366122,206994781,208541073,210177719,210704336,211315736,210705042,211995121,212558048,213228661,213612401,214556973,215672904,216427263,217163270,214214154
Labor force, total,SL.TLF.TOTL.IN,Fragile and conflict affected situations,FCS,183434379,187848202,192319496,197107101,202037962,207039155,211511472,215930146,220396209,224692428,229355821,234584652,237418833,240983892,246295655,251979833,256752721,263025333,270636049,277458055,274861281
Labor force, total,SL.TLF.TOTL.IN,Heavily indebted poor countries (HIPC),HPC,185827629,191039560,196655408,202542982,208652823,214886523,220479736,226079464,231876587,237882389,244123496,250544632,256967850,264599464,272302819,280340385,289164218,298207802,308022190,317805080,318930773
Labor force, total,SL.TLF.TOTL.IN,High income,HIC,538152480,541020452,544575490,548924494,553688459,560340517,567009158,573486404,580532163,583611005,586910553,588849811,594563499,598346929,602985063,607414155,613121281,618366262,623331298,628587432,622167371
Labor force, total,SL.TLF.TOTL.IN,IBRD only,IBD,1842275941,1865129202,1891275356,1919908478,1951758513,1979772440,1998934960,2021280546,2038388857,2056180019,2069689569,2086290066,2104788571,2121983466,2137167433,2153784985,2168611486,2182958321,2196684204,2213427258,2144080748
Labor force, total,SL.TLF.TOTL.IN,IDA & IBRD total,IBT,2245830180,2279143035,2315800318,2355762987,2399112685,2438131077,2468060393,2501704401,2530417307,2560407781,2586932105,2616160749,2645116021,2673700525,2701813450,2733727895,2762571551,2795138259,2826300638,2860336268,2784545633
Labor force, total,SL.TLF.TOTL.IN,IDA blend,IDB,123257960,126182688,129171987,132831252,136555661,139543900,143015127,147007949,150939861,155444870,160115553,164702323,167364027,170077837,174041023,179394576,183178648,188588311,194115801,200122072,197336452
Labor force, total,SL.TLF.TOTL.IN,IDA only,IDX,280296279,287831144,295352974,303023258,310798511,318814737,326110306,333415906,341088589,348782893,357126983,365168360,372963424,381639221,390604994,400548334,410781416,423591628,435500633,446786938,443128433
Labor force, total,SL.TLF.TOTL.IN,IDA total,IDA,403554239,414013832,424524961,435854510,447354172,458358637,469125433,480423855,492028449,504227762,517242536,529870683,540327450,551717059,564646017,579942910,593960065,612179939,629616434,646909010,640464885
Labor force, total,SL.TLF.TOTL.IN,Late-demographic dividend,LTE,1106578228,1114403967,1125729363,1137760109,1150341523,1162050686,1171100820,1180500014,1189251662,1197375437,1201534491,1209405537,1217974490,1223984723,1229040268,1234294668,1237145773,1240588242,1242529398,1242751181,1216084736
Labor force, total,SL.TLF.TOTL.IN,Latin America & Caribbean,LCN,221909944,226924600,232204291,237501820,244049675,249695895,255083689,259297615,264022567,269770248,272634070,275853701,282915366,286630583,290086227,294959110,299013414,304274133,309372468,314694247,292096868
Labor force, total,SL.TLF.TOTL.IN,Latin America & Caribbean (excluding high income),LAC,210487281,215357068,220523954,225571667,231837933,237195520,242296730,246226429,250555967,256181070,258872156,261816159,268703120,272248033,275525880,280244329,284118291,289168907,294030849,299157569,277500673
Labor force, total,SL.TLF.TOTL.IN,Latin America & the Caribbean (IDA & IBRD countries),TLA,215697347,220659602,225875749,231108904,237601029,243134458,248435562,252569050,257272950,262929570,265835709,269071127,276153391,279885205,283372355,288272180,292343566,297627543,302768557,308100538,285879369
Labor force, total,SL.TLF.TOTL.IN,Least developed countries: UN classification,LDC,259661059,266902548,274083053,281439243,288932230,296640677,303608529,310563179,317737503,325165633,333048431,340948193,348655093,357054075,365832458,375677150,385797484,398591594,410134528,421024469,418151045
Labor force, total,SL.TLF.TOTL.IN,Low & middle income,LMY,2223651623,2257158443,2295260531,2335603683,2378915288,2417953865,2447907455,2481707842,2510181216,2540176949,2566334180,2595645177,2624421624,2652990844,2680863395,2712981823,2741928943,2774217924,2805402893,2839509877,2764300081
Labor force, total,SL.TLF.TOTL.IN,Low income,LIC,155003669,159290748,163821362,168562578,173456044,178419550,182929616,187634348,192591473,197528475,202825885,208029324,213216212,218970212,224758347,231322227,238096329,245069382,252374924,259949025,260333700
Labor force, total,SL.TLF.TOTL.IN,Lower middle income,LMC,819034157,837709060,856775035,877239914,897953771,918541936,931084744,944327093,957048885,971268795,985479338,997513686,1006490010,1021110582,1034738507,1049153775,1062756149,1077858351,1092897359,1112765353,1077364869
Labor force, total,SL.TLF.TOTL.IN,Middle East & North Africa,MEA,94029837,96758033,99604696,103352525,107125417,111024457,114074687,117756173,120129899,124278584,127987321,131063306,134315150,137758834,139898272,142713288,146078037,147957465,149566684,152425660,149088209
Labor force, total,SL.TLF.TOTL.IN,Middle East & North Africa (excluding high income),MNA,80568517,82792718,85087354,88107050,90991060,93812453,95580318,97755352,98541278,101082627,103090440,104771667,106632636,108865134,109902118,111568689,114114606,115373859,116465495,118579062,115213742
Labor force, total,SL.TLF.TOTL.IN,Middle East & North Africa (IDA & IBRD countries),TMN,79946240,82208310,84496062,87448385,90319175,93109676,94852792,96978244,97748116,100258563,102227642,103848638,105670027,107867443,108863155,110448033,112964048,114183880,115251483,117303093,113948606
Labor force, total,SL.TLF.TOTL.IN,Middle income,MIC,2068647954,2097867695,2131439170,2167041105,2205459244,2239534315,2264977838,2294073494,2317589743,2342648474,2363508296,2387615853,2411205412,2434020632,2456105048,2481659596,2503832614,2529148542,2553027969,2579560852,2503966380
Labor force, total,SL.TLF.TOTL.IN,North America,NAC,162928772,164159103,165480536,166493445,167764070,169766751,171838717,173493759,175595353,175831322,175824640,176036623,177896468,178229137,179103057,180282845,182441319,184423518,185824977,188026950,185899068
Labor force, total,SL.TLF.TOTL.IN,Not classified,INX,..,..,..,..,..,..,..,..,..,..,..,..,..,..,..,..,..,..,..,..,..
Labor force, total,SL.TLF.TOTL.IN,OECD members,OED,569825360,573615030,578805672,584077129,588869102,596592933,602972289,609238092,616598297,621119950,624954828,628193075,634858658,639330131,644320662,650209474,657454559,664189209,670991669,677687946,665249256
Labor force, total,SL.TLF.TOTL.IN,Other small states,OSS,8049095,8234841,8410183,8650546,8889636,9177025,9552341,9964810,10418394,10863083,11254630,11616649,11987274,12402321,12743024,13099231,13398772,13725237,14061510,14393810,14418351
Labor force, total,SL.TLF.TOTL.IN,Pacific island small states,PSS,659406,675037,689578,702354,715591,729287,746806,765308,784723,806111,825410,841691,845945,849359,852325,859529,868890,881733,896147,912173,917255
Labor force, total,SL.TLF.TOTL.IN,Post-demographic dividend,PST,503949492,505744464,509612743,513040505,516427652,521429431,526336003,531002567,535883872,537110174,537939076,538111393,541693140,544132363,546618049,549704975,554082443,558078598,562012222,566104738,559586032
Labor force, total,SL.TLF.TOTL.IN,Pre-demographic dividend,PRE,203048194,208431195,214110692,220197577,226480301,232916349,239299994,245732945,252210663,258891498,265816399,273157873,278395186,284452476,292473441,301145001,310009154,320188658,331374564,342860673,344295566
Labor force, total,SL.TLF.TOTL.IN,Small states,SST,11434510,11661604,11877531,12169247,12467141,12810794,13239330,13702768,14209105,14701097,15134851,15539194,15955144,16439802,16821663,17224103,17594507,17981260,18345473,18736548,18631008
Labor force, total,SL.TLF.TOTL.IN,South Asia,SAS,510786322,523558859,536918678,551081355,565413238,579189491,584486907,590188804,595800123,602039453,607991975,611862751,616318723,624652331,631955245,640816258,648184817,657691454,664258515,675447767,647141741
Labor force, total,SL.TLF.TOTL.IN,South Asia (IDA & IBRD),TSA,510786322,523558859,536918678,551081355,565413238,579189491,584486907,590188804,595800123,602039453,607991975,611862751,616318723,624652331,631955245,640816258,648184817,657691454,664258515,675447767,647141741
Labor force, total,SL.TLF.TOTL.IN,Sub-Saharan Africa,SSF,257827341,264548123,271513873,278898996,286531310,294377214,302270121,310384286,318666289,326552768,334693178,343717080,350805308,358685960,368233274,379027702,389728134,402341062,415312530,428800565,428466819
Labor force, total,SL.TLF.TOTL.IN,Sub-Saharan Africa (excluding high income),SSA,257307622,264022365,270984331,278366753,285996727,293832842,301722975,309838963,318114502,325995559,334123876,343150588,350231563,358097495,367637411,378423927,389127174,401732942,414706742,428194415,427872537
Labor force, total,SL.TLF.TOTL.IN,Sub-Saharan Africa (IDA & IBRD countries),TSS,257827341,264548123,271513873,278898996,286531310,294377214,302270121,310384286,318666289,326552768,334693178,343717080,350805308,358685960,368233274,379027702,389728134,402341062,415312530,428800565,428466819
Labor force, total,SL.TLF.TOTL.IN,Upper middle income,UMC,1249613797,1260158635,1274664135,1289801191,1307505473,1320992379,1333893095,1349746400,1360540858,1371379679,1378028957,1390102167,1404715402,1412910050,1421366541,1432505821,1441076465,1451290191,1460130609,1466795499,1426601512
Labor force, total,SL.TLF.TOTL.IN,World,WLD,2761804104,2798178895,2839836022,2884528177,2932603747,2978294382,3014916613,3055194246,3090713379,3123787953,3153244733,3184494988,3218985123,3251337773,3283848457,3320395978,3355050224,3392584186,3428734191,3468097309,3386467452